--
-- PostgreSQL database dump
--

\restrict 6AxhUngMp0E5etNq7JIMxmDb28w3ANIgkSmkrCUiGPffcWjv2Lq2M0Ge3fEycM4

-- Dumped from database version 15.15
-- Dumped by pg_dump version 15.15


SET statement_timeout = 0;
SET lock_timeout = 0;
SET idle_in_transaction_session_timeout = 0;
SET client_encoding = 'UTF8';
SET standard_conforming_strings = on;
SELECT pg_catalog.set_config('search_path', '', false);
SET check_function_bodies = false;

SET xmloption = content;
SET client_min_messages = warning;
SET row_security = off;

--
-- Data for Name: _prisma_migrations; Type: TABLE DATA; Schema: public; Owner: metalgalvano
--

INSERT INTO public._prisma_migrations (id, checksum, finished_at, migration_name, logs, rolled_back_at, started_at, applied_steps_count) VALUES ('3a0b9baf-3eb4-45ad-8e41-52b12521c8e5', '6c3909675acaeadd12333a272f0bfe270147887317f35e93bc4777f5a1d51345', '2025-11-27 20:29:04.882647+00', '20251127202904_init', NULL, NULL, '2025-11-27 20:29:04.661093+00', 1);


--
-- Data for Name: users; Type: TABLE DATA; Schema: public; Owner: metalgalvano
--

INSERT INTO public.users (id, "firebaseUid", email, name, role, "isActive", "createdAt", "updatedAt", "lastLoginAt") VALUES ('1476a27d-b7ff-4c0e-a58f-17eab17b6c55', 'firebase-admin-uid', 'admin@metalgalvano.com', 'Administrador', 'ADMIN', true, '2025-11-27 20:29:17.515', '2025-11-27 20:29:17.515', NULL);
INSERT INTO public.users (id, "firebaseUid", email, name, role, "isActive", "createdAt", "updatedAt", "lastLoginAt") VALUES ('9c201a10-4b93-4228-90f3-f5cb67b4f130', 'gerente-leo', 'leo@metalgalvano.forms', 'leo', 'MANAGER', true, '2025-11-27 20:31:02.657', '2025-11-27 20:31:02.657', NULL);
INSERT INTO public.users (id, "firebaseUid", email, name, role, "isActive", "createdAt", "updatedAt", "lastLoginAt") VALUES ('7ccabff9-bd53-48c5-baef-208bfd79f4dd', 'gerente-mg02', 'mg02@metalgalvano.forms', 'Paulo Silva', 'MANAGER', true, '2025-11-27 20:31:02.667', '2025-11-27 20:31:02.667', NULL);
INSERT INTO public.users (id, "firebaseUid", email, name, role, "isActive", "createdAt", "updatedAt", "lastLoginAt") VALUES ('f88b2f3a-93cf-4313-9ebd-8544520a486f', 'MXcwYzRgQ4M10K9NShoT9HwrvDA3', 'mg01@metalgalvano.forms', 'MG01', 'MANAGER', true, '2025-11-27 20:30:01.038', '2025-11-28 02:48:11.539', '2025-11-28 02:48:11.537');


--
-- Data for Name: audit_logs; Type: TABLE DATA; Schema: public; Owner: metalgalvano
--



--
-- Data for Name: forms; Type: TABLE DATA; Schema: public; Owner: metalgalvano
--

INSERT INTO public.forms (id, "formType", "osNumber", status, data, "userId", "pdfUrl", "pdfGeneratedAt", "createdAt", "updatedAt", "submittedAt", "approvedAt") VALUES ('qblp2ytPcEAt05u97CKp', 'cronograma-diario-obra', '1', 'SUBMITTED', '{"pteDia": "nao", "ordemServico": "1", "emissaoRNCDia": "nao", "fotosEtapaDia": "nao", "etapaDescricao": "1", "motivoAtrasoDia": "", "dataInicialEtapa": {"_seconds": 1750993200, "_nanoseconds": 0}, "situacaoEtapaDia": "em_dia", "equipeTrabalhoDia": "", "tempoTotalTrabalhoDia": "", "acompanhamentoDataAtual": {"_seconds": 1751048855, "_nanoseconds": 814000000}, "dataFinalProjetadaEtapa": {"_seconds": 1750993200, "_nanoseconds": 0}, "horarioEfetivoSaidaObra": "", "equipamentosUtilizadosDia": "", "horasRetrabalhoParadasDia": "", "motivoRetrabalhoParadaDia": "", "relatorioInspecaoEmitidoDia": "nao", "horarioInicioJornadaPrevisto": "07:30", "horarioTerminoJornadaPrevisto": "17:30", "horarioEfetivoInicioAtividades": "", "motivoNaoCumprimentoHorarioSaida": "", "motivoNaoCumprimentoHorarioInicio": ""}', 'f88b2f3a-93cf-4313-9ebd-8544520a486f', NULL, NULL, '2025-06-27 18:26:45.898', '2025-11-27 20:31:03.578', '2025-06-27 18:26:45.898', NULL);
INSERT INTO public.forms (id, "formType", "osNumber", status, data, "userId", "pdfUrl", "pdfGeneratedAt", "createdAt", "updatedAt", "submittedAt", "approvedAt") VALUES ('y8st7iNnbGnkL2ZkYsjM', 'cronograma-diario-obra', '1', 'SUBMITTED', '{"pteDia": "nao", "ordemServico": "1", "emissaoRNCDia": "nao", "fotosEtapaDia": "nao", "etapaDescricao": "teste", "motivoAtrasoDia": "", "dataInicialEtapa": {"_seconds": 1750993200, "_nanoseconds": 0}, "situacaoEtapaDia": "em_dia", "equipeTrabalhoDia": "", "tempoTotalTrabalhoDia": "", "acompanhamentoDataAtual": {"_seconds": 1751052086, "_nanoseconds": 711000000}, "dataFinalProjetadaEtapa": {"_seconds": 1750993200, "_nanoseconds": 0}, "horarioEfetivoSaidaObra": "", "equipamentosUtilizadosDia": "", "horasRetrabalhoParadasDia": "", "motivoRetrabalhoParadaDia": "", "relatorioInspecaoEmitidoDia": "nao", "horarioInicioJornadaPrevisto": "07:30", "horarioTerminoJornadaPrevisto": "17:30", "horarioEfetivoInicioAtividades": "", "motivoNaoCumprimentoHorarioSaida": "", "motivoNaoCumprimentoHorarioInicio": ""}', '9c201a10-4b93-4228-90f3-f5cb67b4f130', NULL, NULL, '2025-06-27 19:21:38.875', '2025-11-27 20:31:03.591', '2025-06-27 19:21:38.875', NULL);
INSERT INTO public.forms (id, "formType", "osNumber", status, data, "userId", "pdfUrl", "pdfGeneratedAt", "createdAt", "updatedAt", "submittedAt", "approvedAt") VALUES ('27d434d0-9c79-42ee-8dd2-1215173a1928', 'rnc-report', '1122', 'SUBMITTED', '{"dataRnc": {"seconds": 1764121374, "nanoseconds": 672000000}, "statusRnc": "em_andamento", "ordemServico": "1122", "localOcorrencia": "campo de obras", "prazoConclusaoAcoes": {"seconds": 1764126000, "nanoseconds": 0}, "fotosNaoConformidade": "nao", "causaRaizIdentificada": "", "acoesCorretivasPropostas": "teste", "descricaoNaoConformidade": "teste", "observacoesAdicionaisRnc": "", "responsavelImplementacao": ""}', 'f88b2f3a-93cf-4313-9ebd-8544520a486f', NULL, NULL, '2025-11-26 01:54:53.19', '2025-11-27 20:31:03.852', '2025-11-26 01:54:53.19', NULL);
INSERT INTO public.forms (id, "formType", "osNumber", status, data, "userId", "pdfUrl", "pdfGeneratedAt", "createdAt", "updatedAt", "submittedAt", "approvedAt") VALUES ('30044251-873b-4099-b04a-2b179e11b5bc', 'cronograma-diario-obra', '1122', 'SUBMITTED', '{"pteDia": "nao", "ordemServico": "1122", "emissaoRNCDia": "sim", "fotosEtapaDia": "nao", "etapaDescricao": "teste", "motivoAtrasoDia": "", "dataInicialEtapa": {"seconds": 1764039600, "nanoseconds": 0}, "situacaoEtapaDia": "em_dia", "equipeTrabalhoDia": "", "tempoTotalTrabalhoDia": "", "acompanhamentoDataAtual": {"seconds": 1764121374, "nanoseconds": 672000000}, "dataFinalProjetadaEtapa": {"seconds": 1764039600, "nanoseconds": 0}, "horarioEfetivoSaidaObra": "", "equipamentosUtilizadosDia": "", "horasRetrabalhoParadasDia": "", "motivoRetrabalhoParadaDia": "", "relatorioInspecaoEmitidoDia": "nao", "horarioInicioJornadaPrevisto": "07:30", "horarioTerminoJornadaPrevisto": "17:30", "horarioEfetivoInicioAtividades": "", "motivoNaoCumprimentoHorarioSaida": "", "motivoNaoCumprimentoHorarioInicio": ""}', 'f88b2f3a-93cf-4313-9ebd-8544520a486f', NULL, NULL, '2025-11-26 01:54:33.506', '2025-11-27 20:31:03.862', '2025-11-26 01:54:33.506', NULL);
INSERT INTO public.forms (id, "formType", "osNumber", status, data, "userId", "pdfUrl", "pdfGeneratedAt", "createdAt", "updatedAt", "submittedAt", "approvedAt") VALUES ('74lNN9H7lOBrlfP13oWI', 'rnc-report', '123', 'SUBMITTED', '{"dataRnc": {"_seconds": 1747527240, "_nanoseconds": 682000000}, "statusRnc": "em_andamento", "ordemServico": "123", "localOcorrencia": "suporte principal", "prazoConclusaoAcoes": {"_seconds": 1747450800, "_nanoseconds": 0}, "fotosNaoConformidade": "nao", "causaRaizIdentificada": "teste", "acoesCorretivasPropostas": "teste", "descricaoNaoConformidade": "faltou furo", "observacoesAdicionaisRnc": "teste", "responsavelImplementacao": "teste"}', 'f88b2f3a-93cf-4313-9ebd-8544520a486f', NULL, NULL, '2025-05-18 00:15:24.437', '2025-11-27 20:31:04.556', '2025-05-18 00:15:24.437', NULL);
INSERT INTO public.forms (id, "formType", "osNumber", status, data, "userId", "pdfUrl", "pdfGeneratedAt", "createdAt", "updatedAt", "submittedAt", "approvedAt") VALUES ('D0e4qhKDNbuGQsPBRTmN', 'rnc-report', '123', 'SUBMITTED', '{"dataRnc": {"_seconds": 1747540510, "_nanoseconds": 120000000}, "statusRnc": "aberta", "ordemServico": "123", "localOcorrencia": "caca", "prazoConclusaoAcoes": {"_seconds": 1747710000, "_nanoseconds": 0}, "fotosNaoConformidade": "nao", "causaRaizIdentificada": "", "acoesCorretivasPropostas": "caca", "descricaoNaoConformidade": "caca", "observacoesAdicionaisRnc": "", "responsavelImplementacao": ""}', 'f88b2f3a-93cf-4313-9ebd-8544520a486f', NULL, NULL, '2025-05-18 03:55:20.61', '2025-11-27 20:31:04.564', '2025-05-18 03:55:20.61', NULL);
INSERT INTO public.forms (id, "formType", "osNumber", status, data, "userId", "pdfUrl", "pdfGeneratedAt", "createdAt", "updatedAt", "submittedAt", "approvedAt") VALUES ('I8raEUjJI6pDYLNMYy3m', 'cronograma-diario-obra', '123', 'SUBMITTED', '{"pteDia": "sim", "ordemServico": "123", "emissaoRNCDia": "sim", "fotosEtapaDia": "sim", "etapaDescricao": "descarga", "motivoAtrasoDia": "", "dataInicialEtapa": {"_seconds": 1747364400, "_nanoseconds": 0}, "situacaoEtapaDia": "em_dia", "equipeTrabalhoDia": "renan", "uploadFotosEtapaDia": [{"url": "https://firebasestorage.googleapis.com/v0/b/metalgalvano-88706.firebasestorage.app/o/reports%2FMXcwYzRgQ4M10K9NShoT9HwrvDA3%2Fcronograma-diario-obra%2F123%2F1747529625670%2Ffoco.png?alt=media&token=236dd125-22f3-494b-bfff-7078831dff2d", "name": "foco.png", "size": 35351, "type": "image/png"}], "relatorioInspecaoDia": "sim", "tempoTotalTrabalhoDia": "", "acompanhamentoDataAtual": {"_seconds": 1747529506, "_nanoseconds": 532000000}, "dataFinalProjetadaEtapa": {"_seconds": 1747450800, "_nanoseconds": 0}, "horarioEfetivoSaidaObra": "", "equipamentosUtilizadosDia": "capacete", "horasRetrabalhoParadasDia": "", "motivoRetrabalhoParadaDia": "", "horarioInicioJornadaPrevisto": "07:30", "horarioTerminoJornadaPrevisto": "17:30", "horarioEfetivoInicioAtividades": "", "motivoNaoCumprimentoHorarioSaida": "", "motivoNaoCumprimentoHorarioInicio": ""}', 'f88b2f3a-93cf-4313-9ebd-8544520a486f', NULL, NULL, '2025-05-18 00:53:45.67', '2025-11-27 20:31:04.575', '2025-05-18 00:53:45.67', NULL);
INSERT INTO public.forms (id, "formType", "osNumber", status, data, "userId", "pdfUrl", "pdfGeneratedAt", "createdAt", "updatedAt", "submittedAt", "approvedAt") VALUES ('J6Wo4N5hdbaJ5BdXzrFE', 'cronograma-diario-obra', '123', 'SUBMITTED', '{"pteDia": "nao", "ordemServico": "123", "emissaoRNCDia": "sim", "fotosEtapaDia": "nao", "etapaDescricao": "descarga", "motivoAtrasoDia": "comeram tudo", "dataInicialEtapa": {"_seconds": 1747710000, "_nanoseconds": 0}, "situacaoEtapaDia": "em_atraso", "equipeTrabalhoDia": "", "relatorioInspecaoDia": "sim", "tempoTotalTrabalhoDia": "", "acompanhamentoDataAtual": {"_seconds": 1747529506, "_nanoseconds": 532000000}, "dataFinalProjetadaEtapa": {"_seconds": 1746586800, "_nanoseconds": 0}, "horarioEfetivoSaidaObra": "", "equipamentosUtilizadosDia": "bota", "horasRetrabalhoParadasDia": "", "motivoRetrabalhoParadaDia": "", "horarioInicioJornadaPrevisto": "07:30", "horarioTerminoJornadaPrevisto": "17:30", "horarioEfetivoInicioAtividades": "", "motivoNaoCumprimentoHorarioSaida": "", "motivoNaoCumprimentoHorarioInicio": ""}', 'f88b2f3a-93cf-4313-9ebd-8544520a486f', NULL, NULL, '2025-05-18 03:54:36.002', '2025-11-27 20:31:04.59', '2025-05-18 03:54:36.002', NULL);
INSERT INTO public.forms (id, "formType", "osNumber", status, data, "userId", "pdfUrl", "pdfGeneratedAt", "createdAt", "updatedAt", "submittedAt", "approvedAt") VALUES ('NmaCNqk01Ull9HLylu2Z', 'relatorio-inspecao-site', 'Yshs', 'SUBMITTED', '{"inspetorNome": "Rio ", "ordemServico": "Yshs", "fotosInspecao": "nao", "areaInspecionada": "Opa 😅 ", "itensNaoConformes": "", "conformidadeSeguranca": "sim", "dataRelatorioInspecao": {"_seconds": 1750214282, "_nanoseconds": 7000000}, "acoesCorretivasSugeridas": "", "observacoesGeraisInspecao": "1230"}', 'f88b2f3a-93cf-4313-9ebd-8544520a486f', NULL, NULL, '2025-08-12 22:44:32.093', '2025-11-27 20:31:18.586', '2025-08-12 22:44:32.093', NULL);
INSERT INTO public.forms (id, "formType", "osNumber", status, data, "userId", "pdfUrl", "pdfGeneratedAt", "createdAt", "updatedAt", "submittedAt", "approvedAt") VALUES ('LKOFdVU8olc751OIDAjy', 'cronograma-diario-obra', '123', 'SUBMITTED', '{"pteDia": "nao", "ordemServico": "123", "emissaoRNCDia": "sim", "fotosEtapaDia": "sim", "etapaDescricao": "teste", "motivoAtrasoDia": "", "dataInicialEtapa": {"_seconds": 1747450800, "_nanoseconds": 0}, "situacaoEtapaDia": "em_dia", "equipeTrabalhoDia": "teste", "uploadFotosEtapaDia": [{"url": "https://firebasestorage.googleapis.com/v0/b/metalgalvano-88706.firebasestorage.app/o/reports%2FMXcwYzRgQ4M10K9NShoT9HwrvDA3%2Fcronograma-diario-obra%2F123%2F1747527266467%2FScreenshot_1.png?alt=media&token=31685cbe-5d83-4916-9da8-82ec94de3b4d", "name": "Screenshot_1.png", "size": 3579780, "type": "image/png"}], "relatorioInspecaoDia": "nao", "tempoTotalTrabalhoDia": "", "acompanhamentoDataAtual": {"_seconds": 1747527240, "_nanoseconds": 682000000}, "dataFinalProjetadaEtapa": {"_seconds": 1747450800, "_nanoseconds": 0}, "horarioEfetivoSaidaObra": "", "equipamentosUtilizadosDia": "teste", "horasRetrabalhoParadasDia": "", "motivoRetrabalhoParadaDia": "", "horarioInicioJornadaPrevisto": "07:30", "horarioTerminoJornadaPrevisto": "17:30", "horarioEfetivoInicioAtividades": "", "motivoNaoCumprimentoHorarioSaida": "", "motivoNaoCumprimentoHorarioInicio": ""}', 'f88b2f3a-93cf-4313-9ebd-8544520a486f', NULL, NULL, '2025-05-18 00:14:26.467', '2025-11-27 20:31:04.599', '2025-05-18 00:14:26.467', NULL);
INSERT INTO public.forms (id, "formType", "osNumber", status, data, "userId", "pdfUrl", "pdfGeneratedAt", "createdAt", "updatedAt", "submittedAt", "approvedAt") VALUES ('PIpMt82Yur53XFjJqExS', 'rnc-report', '123', 'SUBMITTED', '{"dataRnc": {"_seconds": 1747540510, "_nanoseconds": 120000000}, "statusRnc": "aberta", "ordemServico": "123", "localOcorrencia": "teste", "prazoConclusaoAcoes": {"_seconds": 1747796400, "_nanoseconds": 0}, "fotosNaoConformidade": "nao", "causaRaizIdentificada": "", "acoesCorretivasPropostas": "teste", "descricaoNaoConformidade": "teste", "observacoesAdicionaisRnc": "", "responsavelImplementacao": ""}', 'f88b2f3a-93cf-4313-9ebd-8544520a486f', NULL, NULL, '2025-05-18 03:56:51.473', '2025-11-27 20:31:04.612', '2025-05-18 03:56:51.473', NULL);
INSERT INTO public.forms (id, "formType", "osNumber", status, data, "userId", "pdfUrl", "pdfGeneratedAt", "createdAt", "updatedAt", "submittedAt", "approvedAt") VALUES ('XrMvbWUlXRCQ6l3fr5mW', 'cronograma-diario-obra', '123', 'SUBMITTED', '{"pteDia": "nao", "ordemServico": "123", "emissaoRNCDia": "sim", "fotosEtapaDia": "nao", "etapaDescricao": "descarga", "motivoAtrasoDia": "dada", "dataInicialEtapa": {"_seconds": 1747364400, "_nanoseconds": 0}, "situacaoEtapaDia": "em_atraso", "equipeTrabalhoDia": "", "tempoTotalTrabalhoDia": "", "acompanhamentoDataAtual": {"_seconds": 1747540510, "_nanoseconds": 120000000}, "dataFinalProjetadaEtapa": {"_seconds": 1747882800, "_nanoseconds": 0}, "horarioEfetivoSaidaObra": "", "equipamentosUtilizadosDia": "", "horasRetrabalhoParadasDia": "", "motivoRetrabalhoParadaDia": "", "relatorioInspecaoEmitidoDia": "sim", "horarioInicioJornadaPrevisto": "07:30", "horarioTerminoJornadaPrevisto": "17:30", "horarioEfetivoInicioAtividades": "", "motivoNaoCumprimentoHorarioSaida": "", "motivoNaoCumprimentoHorarioInicio": ""}', 'f88b2f3a-93cf-4313-9ebd-8544520a486f', NULL, NULL, '2025-05-18 03:56:17.079', '2025-11-27 20:31:04.621', '2025-05-18 03:56:17.079', NULL);
INSERT INTO public.forms (id, "formType", "osNumber", status, data, "userId", "pdfUrl", "pdfGeneratedAt", "createdAt", "updatedAt", "submittedAt", "approvedAt") VALUES ('bcBSyD6rQpyNsw2ljIXb', 'rnc-report', '123', 'SUBMITTED', '{"dataRnc": {"_seconds": 1747529506, "_nanoseconds": 532000000}, "statusRnc": "concluida", "ordemServico": "123", "localOcorrencia": "campo de obra", "prazoConclusaoAcoes": {"_seconds": 1748055600, "_nanoseconds": 0}, "fotosNaoConformidade": "sim", "causaRaizIdentificada": "test1", "acoesCorretivasPropostas": "test2", "descricaoNaoConformidade": "bateu tudo", "observacoesAdicionaisRnc": "teste4", "responsavelImplementacao": "test3", "uploadFotosNaoConformidade": [{"url": "https://firebasestorage.googleapis.com/v0/b/metalgalvano-88706.firebasestorage.app/o/reports%2FMXcwYzRgQ4M10K9NShoT9HwrvDA3%2Frnc-report%2F123%2F1747529661234%2FFluxograma2.jpg?alt=media&token=df2e3402-41d8-4de6-838c-d9b024d0a5d2", "name": "Fluxograma2.jpg", "size": 175993, "type": "image/jpeg"}]}', 'f88b2f3a-93cf-4313-9ebd-8544520a486f', NULL, NULL, '2025-05-18 00:54:21.234', '2025-11-27 20:31:04.628', '2025-05-18 00:54:21.234', NULL);
INSERT INTO public.forms (id, "formType", "osNumber", status, data, "userId", "pdfUrl", "pdfGeneratedAt", "createdAt", "updatedAt", "submittedAt", "approvedAt") VALUES ('x2RtVMcUdpRc8WiQnYQI', 'relatorio-inspecao-site', '123', 'SUBMITTED', '{"dataInspecao": {"_seconds": 1747540510, "_nanoseconds": 120000000}, "inspetorNome": "teste", "ordemServico": "123", "fotosInspecao": "nao", "areaInspecionada": "teste", "itensNaoConformes": "", "observacoesInspecao": "teste", "conformidadeSeguranca": "sim", "acoesCorretivasSugeridas": ""}', 'f88b2f3a-93cf-4313-9ebd-8544520a486f', NULL, NULL, '2025-05-18 03:56:34.418', '2025-11-27 20:31:04.64', '2025-05-18 03:56:34.418', NULL);
INSERT INTO public.forms (id, "formType", "osNumber", status, data, "userId", "pdfUrl", "pdfGeneratedAt", "createdAt", "updatedAt", "submittedAt", "approvedAt") VALUES ('1', 'cronograma-diario-obra', '12333', 'SUBMITTED', '{"pteDia": "nao", "ordemServico": "12333", "emissaoRNCDia": "nao", "fotosEtapaDia": "nao", "etapaDescricao": "teste", "motivoAtrasoDia": "", "dataInicialEtapa": {"_seconds": 1750215600, "_nanoseconds": 0}, "situacaoEtapaDia": "em_dia", "equipeTrabalhoDia": "", "tempoTotalTrabalhoDia": "", "acompanhamentoDataAtual": {"_seconds": 1751050105, "_nanoseconds": 269000000}, "dataFinalProjetadaEtapa": {"_seconds": 1750302000, "_nanoseconds": 0}, "horarioEfetivoSaidaObra": "", "equipamentosUtilizadosDia": "", "horasRetrabalhoParadasDia": "", "motivoRetrabalhoParadaDia": "", "relatorioInspecaoEmitidoDia": "nao", "horarioInicioJornadaPrevisto": "07:30", "horarioTerminoJornadaPrevisto": "17:30", "horarioEfetivoInicioAtividades": "", "motivoNaoCumprimentoHorarioSaida": "", "motivoNaoCumprimentoHorarioInicio": ""}', '9c201a10-4b93-4228-90f3-f5cb67b4f130', NULL, NULL, '2025-06-27 18:47:30.942', '2025-11-27 20:31:04.939', '2025-06-27 18:47:30.942', NULL);
INSERT INTO public.forms (id, "formType", "osNumber", status, data, "userId", "pdfUrl", "pdfGeneratedAt", "createdAt", "updatedAt", "submittedAt", "approvedAt") VALUES ('Rw86eLXnUgAEpcVAANPh', 'cronograma-diario-obra', '1234', 'SUBMITTED', '{"pteDia": "nao", "ordemServico": "1234", "emissaoRNCDia": "nao", "fotosEtapaDia": "nao", "etapaDescricao": "fesass", "motivoAtrasoDia": "", "dataInicialEtapa": {"_seconds": 1750993200, "_nanoseconds": 0}, "situacaoEtapaDia": "em_dia", "equipeTrabalhoDia": "", "tempoTotalTrabalhoDia": "", "acompanhamentoDataAtual": {"_seconds": 1751056662, "_nanoseconds": 775000000}, "dataFinalProjetadaEtapa": {"_seconds": 1750993200, "_nanoseconds": 0}, "horarioEfetivoSaidaObra": "", "equipamentosUtilizadosDia": "", "horasRetrabalhoParadasDia": "", "motivoRetrabalhoParadaDia": "", "relatorioInspecaoEmitidoDia": "nao", "horarioInicioJornadaPrevisto": "07:30", "horarioTerminoJornadaPrevisto": "17:30", "horarioEfetivoInicioAtividades": "", "motivoNaoCumprimentoHorarioSaida": "", "motivoNaoCumprimentoHorarioInicio": ""}', '9c201a10-4b93-4228-90f3-f5cb67b4f130', NULL, NULL, '2025-06-27 20:37:56.547', '2025-11-27 20:31:05.546', '2025-06-27 20:37:56.547', NULL);
INSERT INTO public.forms (id, "formType", "osNumber", status, data, "userId", "pdfUrl", "pdfGeneratedAt", "createdAt", "updatedAt", "submittedAt", "approvedAt") VALUES ('dRzISHfSka0N7NKaATae', 'cronograma-diario-obra', '12345', 'SUBMITTED', '{"pteDia": "nao", "ordemServico": "12345", "emissaoRNCDia": "nao", "fotosEtapaDia": "nao", "etapaDescricao": "testeeee", "motivoAtrasoDia": "", "dataInicialEtapa": {"_seconds": 1750993200, "_nanoseconds": 0}, "situacaoEtapaDia": "em_dia", "equipeTrabalhoDia": "", "tempoTotalTrabalhoDia": "", "acompanhamentoDataAtual": {"_seconds": 1751056809, "_nanoseconds": 817000000}, "dataFinalProjetadaEtapa": {"_seconds": 1750993200, "_nanoseconds": 0}, "horarioEfetivoSaidaObra": "", "equipamentosUtilizadosDia": "", "horasRetrabalhoParadasDia": "", "motivoRetrabalhoParadaDia": "", "relatorioInspecaoEmitidoDia": "nao", "horarioInicioJornadaPrevisto": "07:30", "horarioTerminoJornadaPrevisto": "17:30", "horarioEfetivoInicioAtividades": "", "motivoNaoCumprimentoHorarioSaida": "", "motivoNaoCumprimentoHorarioInicio": ""}', '9c201a10-4b93-4228-90f3-f5cb67b4f130', NULL, NULL, '2025-06-27 20:40:23.893', '2025-11-27 20:31:05.854', '2025-06-27 20:40:23.893', NULL);
INSERT INTO public.forms (id, "formType", "osNumber", status, data, "userId", "pdfUrl", "pdfGeneratedAt", "createdAt", "updatedAt", "submittedAt", "approvedAt") VALUES ('9KS4SFWaTlSY6iAaSNwX', 'cronograma-diario-obra', '1304', 'SUBMITTED', '{"pteDia": "nao", "ordemServico": "1304", "emissaoRNCDia": "sim", "fotosEtapaDia": "sim", "etapaDescricao": "montagem de modulos", "motivoAtrasoDia": "", "dataInicialEtapa": {"_seconds": 1747450800, "_nanoseconds": 0}, "situacaoEtapaDia": "em_dia", "equipeTrabalhoDia": "renan paulo irena", "uploadFotosEtapaDia": [{"url": "https://firebasestorage.googleapis.com/v0/b/metalgalvano-88706.firebasestorage.app/o/reports%2FMXcwYzRgQ4M10K9NShoT9HwrvDA3%2Fcronograma-diario-obra%2F1304%2F1750164543056%2FWhatsApp%20Image%202025-06-16%20at%2016.18.32.jpeg?alt=media&token=3eb31f2a-780b-4ea4-9fcc-6ce2d986d3c2", "name": "WhatsApp Image 2025-06-16 at 16.18.32.jpeg", "size": 158714, "type": "image/jpeg"}], "tempoTotalTrabalhoDia": "1h", "acompanhamentoDataAtual": {"_seconds": 1750129200, "_nanoseconds": 0}, "dataFinalProjetadaEtapa": {"_seconds": 1755399600, "_nanoseconds": 0}, "horarioEfetivoSaidaObra": "16h", "equipamentosUtilizadosDia": "munck", "horasRetrabalhoParadasDia": "2h", "motivoRetrabalhoParadaDia": "furacao de pecas", "relatorioInspecaoEmitidoDia": "nao", "horarioInicioJornadaPrevisto": "07:30", "horarioTerminoJornadaPrevisto": "17:30", "horarioEfetivoInicioAtividades": "8:30", "motivoNaoCumprimentoHorarioSaida": "comecou a alagar a rua", "motivoNaoCumprimentoHorarioInicio": "portaria demorou para liberar"}', 'f88b2f3a-93cf-4313-9ebd-8544520a486f', NULL, NULL, '2025-06-17 12:49:03.056', '2025-11-27 20:31:06.477', '2025-06-17 12:49:03.056', NULL);
INSERT INTO public.forms (id, "formType", "osNumber", status, data, "userId", "pdfUrl", "pdfGeneratedAt", "createdAt", "updatedAt", "submittedAt", "approvedAt") VALUES ('cVioVqfR5ysZwjh4UxZA', 'rnc-report', '1304', 'SUBMITTED', '{"dataRnc": {"_seconds": 1749590069, "_nanoseconds": 899000000}, "statusRnc": "aberta", "ordemServico": "1304", "localOcorrencia": "obra", "prazoConclusaoAcoes": {"_seconds": 1750129200, "_nanoseconds": 0}, "fotosNaoConformidade": "nao", "causaRaizIdentificada": "erro de fabricacao", "acoesCorretivasPropostas": "nova furacao", "descricaoNaoConformidade": "furacao nao bateu com a furacao da peca fisica", "observacoesAdicionaisRnc": "furou um pneu", "responsavelImplementacao": "gerente adriano"}', 'f88b2f3a-93cf-4313-9ebd-8544520a486f', NULL, NULL, '2025-06-17 12:53:43.535', '2025-11-27 20:31:06.49', '2025-06-17 12:53:43.535', NULL);
INSERT INTO public.forms (id, "formType", "osNumber", status, data, "userId", "pdfUrl", "pdfGeneratedAt", "createdAt", "updatedAt", "submittedAt", "approvedAt") VALUES ('bm9DOtfdeI3rpbxrYKLY', 'cronograma-diario-obra', '15616', 'SUBMITTED', '{"pteDia": "nao", "ordemServico": "15616", "emissaoRNCDia": "nao", "fotosEtapaDia": "nao", "etapaDescricao": "teafesa", "motivoAtrasoDia": "", "dataInicialEtapa": {"_seconds": 1750993200, "_nanoseconds": 0}, "situacaoEtapaDia": "em_dia", "equipeTrabalhoDia": "", "tempoTotalTrabalhoDia": "", "acompanhamentoDataAtual": {"_seconds": 1751059143, "_nanoseconds": 394000000}, "dataFinalProjetadaEtapa": {"_seconds": 1750993200, "_nanoseconds": 0}, "horarioEfetivoSaidaObra": "", "equipamentosUtilizadosDia": "", "horasRetrabalhoParadasDia": "", "motivoRetrabalhoParadaDia": "", "relatorioInspecaoEmitidoDia": "nao", "horarioInicioJornadaPrevisto": "07:30", "horarioTerminoJornadaPrevisto": "17:30", "horarioEfetivoInicioAtividades": "", "motivoNaoCumprimentoHorarioSaida": "", "motivoNaoCumprimentoHorarioInicio": ""}', '9c201a10-4b93-4228-90f3-f5cb67b4f130', NULL, NULL, '2025-06-27 21:19:21.006', '2025-11-27 20:31:06.771', '2025-06-27 21:19:21.006', NULL);
INSERT INTO public.forms (id, "formType", "osNumber", status, data, "userId", "pdfUrl", "pdfGeneratedAt", "createdAt", "updatedAt", "submittedAt", "approvedAt") VALUES ('4PnVpLJAgNe9FTArlCVZ', 'cronograma-diario-obra', '156161', 'SUBMITTED', '{"pteDia": "nao", "ordemServico": "156161", "emissaoRNCDia": "nao", "fotosEtapaDia": "nao", "etapaDescricao": "tredte", "motivoAtrasoDia": "", "dataInicialEtapa": {"_seconds": 1750993200, "_nanoseconds": 0}, "situacaoEtapaDia": "em_dia", "equipeTrabalhoDia": "", "tempoTotalTrabalhoDia": "", "acompanhamentoDataAtual": {"_seconds": 1751060297, "_nanoseconds": 546000000}, "dataFinalProjetadaEtapa": {"_seconds": 1750993200, "_nanoseconds": 0}, "horarioEfetivoSaidaObra": "", "equipamentosUtilizadosDia": "", "horasRetrabalhoParadasDia": "", "motivoRetrabalhoParadaDia": "", "relatorioInspecaoEmitidoDia": "nao", "horarioInicioJornadaPrevisto": "07:30", "horarioTerminoJornadaPrevisto": "17:30", "horarioEfetivoInicioAtividades": "", "motivoNaoCumprimentoHorarioSaida": "", "motivoNaoCumprimentoHorarioInicio": ""}', '9c201a10-4b93-4228-90f3-f5cb67b4f130', NULL, NULL, '2025-06-27 21:39:14.53', '2025-11-27 20:31:07.391', '2025-06-27 21:39:14.53', NULL);
INSERT INTO public.forms (id, "formType", "osNumber", status, data, "userId", "pdfUrl", "pdfGeneratedAt", "createdAt", "updatedAt", "submittedAt", "approvedAt") VALUES ('3MwttgC0fHK6341WuY1B', 'cronograma-diario-obra', '1561651', 'SUBMITTED', '{"pteDia": "nao", "ordemServico": "1561651", "emissaoRNCDia": "nao", "fotosEtapaDia": "nao", "etapaDescricao": "dteas", "motivoAtrasoDia": "", "dataInicialEtapa": {"_seconds": 1750993200, "_nanoseconds": 0}, "situacaoEtapaDia": "em_dia", "equipeTrabalhoDia": "", "tempoTotalTrabalhoDia": "", "acompanhamentoDataAtual": {"_seconds": 1751060297, "_nanoseconds": 546000000}, "dataFinalProjetadaEtapa": {"_seconds": 1750993200, "_nanoseconds": 0}, "horarioEfetivoSaidaObra": "", "equipamentosUtilizadosDia": "", "horasRetrabalhoParadasDia": "", "motivoRetrabalhoParadaDia": "", "relatorioInspecaoEmitidoDia": "nao", "horarioInicioJornadaPrevisto": "07:30", "horarioTerminoJornadaPrevisto": "17:30", "horarioEfetivoInicioAtividades": "", "motivoNaoCumprimentoHorarioSaida": "", "motivoNaoCumprimentoHorarioInicio": ""}', '9c201a10-4b93-4228-90f3-f5cb67b4f130', NULL, NULL, '2025-06-27 21:38:29.396', '2025-11-27 20:31:07.689', '2025-06-27 21:38:29.396', NULL);
INSERT INTO public.forms (id, "formType", "osNumber", status, data, "userId", "pdfUrl", "pdfGeneratedAt", "createdAt", "updatedAt", "submittedAt", "approvedAt") VALUES ('kfKOeU22Uh2Bnq7xTBFy', 'cronograma-diario-obra', '1651651', 'SUBMITTED', '{"pteDia": "nao", "ordemServico": "1651651", "emissaoRNCDia": "nao", "fotosEtapaDia": "nao", "etapaDescricao": "teste", "motivoAtrasoDia": "", "dataInicialEtapa": {"_seconds": 1750993200, "_nanoseconds": 0}, "situacaoEtapaDia": "em_dia", "equipeTrabalhoDia": "", "tempoTotalTrabalhoDia": "", "acompanhamentoDataAtual": {"_seconds": 1751057954, "_nanoseconds": 187000000}, "dataFinalProjetadaEtapa": {"_seconds": 1750993200, "_nanoseconds": 0}, "horarioEfetivoSaidaObra": "", "equipamentosUtilizadosDia": "", "horasRetrabalhoParadasDia": "", "motivoRetrabalhoParadaDia": "", "relatorioInspecaoEmitidoDia": "nao", "horarioInicioJornadaPrevisto": "07:30", "horarioTerminoJornadaPrevisto": "17:30", "horarioEfetivoInicioAtividades": "", "motivoNaoCumprimentoHorarioSaida": "", "motivoNaoCumprimentoHorarioInicio": ""}', '9c201a10-4b93-4228-90f3-f5cb67b4f130', NULL, NULL, '2025-06-27 20:59:26.546', '2025-11-27 20:31:08.3', '2025-06-27 20:59:26.546', NULL);
INSERT INTO public.forms (id, "formType", "osNumber", status, data, "userId", "pdfUrl", "pdfGeneratedAt", "createdAt", "updatedAt", "submittedAt", "approvedAt") VALUES ('mF87PS0sBr0Bq1T6TGz9', 'cronograma-diario-obra', '216165', 'SUBMITTED', '{"pteDia": "nao", "ordemServico": "216165", "emissaoRNCDia": "nao", "fotosEtapaDia": "nao", "etapaDescricao": "dafdaawd", "motivoAtrasoDia": "", "dataInicialEtapa": {"_seconds": 1750993200, "_nanoseconds": 0}, "situacaoEtapaDia": "em_dia", "equipeTrabalhoDia": "", "tempoTotalTrabalhoDia": "", "acompanhamentoDataAtual": {"_seconds": 1751049677, "_nanoseconds": 203000000}, "dataFinalProjetadaEtapa": {"_seconds": 1750993200, "_nanoseconds": 0}, "horarioEfetivoSaidaObra": "", "equipamentosUtilizadosDia": "", "horasRetrabalhoParadasDia": "", "motivoRetrabalhoParadaDia": "", "relatorioInspecaoEmitidoDia": "nao", "horarioInicioJornadaPrevisto": "07:30", "horarioTerminoJornadaPrevisto": "17:30", "horarioEfetivoInicioAtividades": "", "motivoNaoCumprimentoHorarioSaida": "", "motivoNaoCumprimentoHorarioInicio": ""}', 'f88b2f3a-93cf-4313-9ebd-8544520a486f', NULL, NULL, '2025-06-27 18:42:56.86', '2025-11-27 20:31:08.587', '2025-06-27 18:42:56.86', NULL);
INSERT INTO public.forms (id, "formType", "osNumber", status, data, "userId", "pdfUrl", "pdfGeneratedAt", "createdAt", "updatedAt", "submittedAt", "approvedAt") VALUES ('BkGbJYSUCTOG6mNaKThh', 'cronograma-diario-obra', '2561691', 'SUBMITTED', '{"pteDia": "nao", "ordemServico": "2561691", "emissaoRNCDia": "nao", "fotosEtapaDia": "nao", "etapaDescricao": "teste", "motivoAtrasoDia": "", "dataInicialEtapa": {"_seconds": 1750993200, "_nanoseconds": 0}, "situacaoEtapaDia": "em_dia", "equipeTrabalhoDia": "", "tempoTotalTrabalhoDia": "", "acompanhamentoDataAtual": {"_seconds": 1751057560, "_nanoseconds": 602000000}, "dataFinalProjetadaEtapa": {"_seconds": 1750993200, "_nanoseconds": 0}, "horarioEfetivoSaidaObra": "", "equipamentosUtilizadosDia": "", "horasRetrabalhoParadasDia": "", "motivoRetrabalhoParadaDia": "", "relatorioInspecaoEmitidoDia": "nao", "horarioInicioJornadaPrevisto": "07:30", "horarioTerminoJornadaPrevisto": "17:30", "horarioEfetivoInicioAtividades": "", "motivoNaoCumprimentoHorarioSaida": "", "motivoNaoCumprimentoHorarioInicio": ""}', '9c201a10-4b93-4228-90f3-f5cb67b4f130', NULL, NULL, '2025-06-27 20:52:56.36', '2025-11-27 20:31:09.194', '2025-06-27 20:52:56.36', NULL);
INSERT INTO public.forms (id, "formType", "osNumber", status, data, "userId", "pdfUrl", "pdfGeneratedAt", "createdAt", "updatedAt", "submittedAt", "approvedAt") VALUES ('QMlR6xFIiIROydMGRj4L', 'cronograma-diario-obra', '3', 'SUBMITTED', '{"pteDia": "nao", "ordemServico": "3", "emissaoRNCDia": "nao", "fotosEtapaDia": "nao", "etapaDescricao": "teste", "motivoAtrasoDia": "", "dataInicialEtapa": {"_seconds": 1750993200, "_nanoseconds": 0}, "situacaoEtapaDia": "em_dia", "equipeTrabalhoDia": "", "tempoTotalTrabalhoDia": "", "acompanhamentoDataAtual": {"_seconds": 1750214282, "_nanoseconds": 7000000}, "dataFinalProjetadaEtapa": {"_seconds": 1750993200, "_nanoseconds": 0}, "horarioEfetivoSaidaObra": "", "equipamentosUtilizadosDia": "", "horasRetrabalhoParadasDia": "", "motivoRetrabalhoParadaDia": "", "relatorioInspecaoEmitidoDia": "nao", "horarioInicioJornadaPrevisto": "07:30", "horarioTerminoJornadaPrevisto": "17:30", "horarioEfetivoInicioAtividades": "", "motivoNaoCumprimentoHorarioSaida": "", "motivoNaoCumprimentoHorarioInicio": ""}', 'f88b2f3a-93cf-4313-9ebd-8544520a486f', NULL, NULL, '2025-06-27 17:42:19.668', '2025-11-27 20:31:09.492', '2025-06-27 17:42:19.668', NULL);
INSERT INTO public.forms (id, "formType", "osNumber", status, data, "userId", "pdfUrl", "pdfGeneratedAt", "createdAt", "updatedAt", "submittedAt", "approvedAt") VALUES ('PTtXgViKCIN9BE4GVov5', 'cronograma-diario-obra', '321', 'SUBMITTED', '{"pteDia": "nao", "ordemServico": "321", "emissaoRNCDia": "nao", "fotosEtapaDia": "nao", "etapaDescricao": "descarga", "motivoAtrasoDia": "", "dataInicialEtapa": {"_seconds": 1749524400, "_nanoseconds": 0}, "situacaoEtapaDia": "em_dia", "equipeTrabalhoDia": "", "tempoTotalTrabalhoDia": "", "acompanhamentoDataAtual": {"_seconds": 1749532270, "_nanoseconds": 510000000}, "dataFinalProjetadaEtapa": {"_seconds": 1750820400, "_nanoseconds": 0}, "horarioEfetivoSaidaObra": "", "equipamentosUtilizadosDia": "", "horasRetrabalhoParadasDia": "", "motivoRetrabalhoParadaDia": "", "relatorioInspecaoEmitidoDia": "nao", "horarioInicioJornadaPrevisto": "07:30", "horarioTerminoJornadaPrevisto": "17:30", "horarioEfetivoInicioAtividades": "", "motivoNaoCumprimentoHorarioSaida": "", "motivoNaoCumprimentoHorarioInicio": ""}', 'f88b2f3a-93cf-4313-9ebd-8544520a486f', NULL, NULL, '2025-06-10 05:10:45.453', '2025-11-27 20:31:10.089', '2025-06-10 05:10:45.453', NULL);
INSERT INTO public.forms (id, "formType", "osNumber", status, data, "userId", "pdfUrl", "pdfGeneratedAt", "createdAt", "updatedAt", "submittedAt", "approvedAt") VALUES ('UFNsbRrpVWXR6A3J9GeR', 'cronograma-diario-obra', '378756', 'SUBMITTED', '{"pteDia": "nao", "ordemServico": "378756", "emissaoRNCDia": "nao", "fotosEtapaDia": "nao", "etapaDescricao": "teste", "motivoAtrasoDia": "", "dataInicialEtapa": {"_seconds": 1750993200, "_nanoseconds": 0}, "situacaoEtapaDia": "em_dia", "equipeTrabalhoDia": "", "tempoTotalTrabalhoDia": "", "acompanhamentoDataAtual": {"_seconds": 1751050504, "_nanoseconds": 839000000}, "dataFinalProjetadaEtapa": {"_seconds": 1750993200, "_nanoseconds": 0}, "horarioEfetivoSaidaObra": "", "equipamentosUtilizadosDia": "", "horasRetrabalhoParadasDia": "", "motivoRetrabalhoParadaDia": "", "relatorioInspecaoEmitidoDia": "nao", "horarioInicioJornadaPrevisto": "07:30", "horarioTerminoJornadaPrevisto": "17:30", "horarioEfetivoInicioAtividades": "", "motivoNaoCumprimentoHorarioSaida": "", "motivoNaoCumprimentoHorarioInicio": ""}', '9c201a10-4b93-4228-90f3-f5cb67b4f130', NULL, NULL, '2025-06-27 19:20:09.539', '2025-11-27 20:31:10.393', '2025-06-27 19:20:09.539', NULL);
INSERT INTO public.forms (id, "formType", "osNumber", status, data, "userId", "pdfUrl", "pdfGeneratedAt", "createdAt", "updatedAt", "submittedAt", "approvedAt") VALUES ('3d003f55-510b-492f-bf06-f973c77ffb68', 'cronograma-diario-obra', '444', 'SUBMITTED', '{"pteDia": "nao", "ordemServico": "444", "emissaoRNCDia": "sim", "fotosEtapaDia": "nao", "etapaDescricao": "teste", "motivoAtrasoDia": "", "dataInicialEtapa": {"seconds": 1763953200, "nanoseconds": 0}, "situacaoEtapaDia": "em_dia", "equipeTrabalhoDia": "", "tempoTotalTrabalhoDia": "", "acompanhamentoDataAtual": {"seconds": 1764034623, "nanoseconds": 706000000}, "dataFinalProjetadaEtapa": {"seconds": 1764471600, "nanoseconds": 0}, "horarioEfetivoSaidaObra": "", "equipamentosUtilizadosDia": "", "horasRetrabalhoParadasDia": "", "motivoRetrabalhoParadaDia": "", "relatorioInspecaoEmitidoDia": "nao", "horarioInicioJornadaPrevisto": "07:30", "horarioTerminoJornadaPrevisto": "17:30", "horarioEfetivoInicioAtividades": "", "motivoNaoCumprimentoHorarioSaida": "", "motivoNaoCumprimentoHorarioInicio": ""}', 'f88b2f3a-93cf-4313-9ebd-8544520a486f', NULL, NULL, '2025-11-25 01:38:41.314', '2025-11-27 20:31:11.065', '2025-11-25 01:38:41.314', NULL);
INSERT INTO public.forms (id, "formType", "osNumber", status, data, "userId", "pdfUrl", "pdfGeneratedAt", "createdAt", "updatedAt", "submittedAt", "approvedAt") VALUES ('cd3e8df3-e6f5-4c83-9dd9-437e9ef4d041', 'rnc-report', '444', 'SUBMITTED', '{"dataRnc": {"seconds": 1764034623, "nanoseconds": 706000000}, "statusRnc": "em_andamento", "ordemServico": "444", "localOcorrencia": "campo de obras", "prazoConclusaoAcoes": {"seconds": 1764039600, "nanoseconds": 0}, "fotosNaoConformidade": "sim", "causaRaizIdentificada": "", "acoesCorretivasPropostas": "veio de uber", "descricaoNaoConformidade": "faltou capacete", "observacoesAdicionaisRnc": "", "responsavelImplementacao": "", "uploadFotosNaoConformidade": [{"url": "https://storage.googleapis.com/metalgalvano-88706.firebasestorage.app/reports/MXcwYzRgQ4M10K9NShoT9HwrvDA3/rnc-report/444/1764034760398/logo4.jpg", "name": "logo4.jpg", "size": 38116, "type": "image/jpeg"}]}', 'f88b2f3a-93cf-4313-9ebd-8544520a486f', NULL, NULL, '2025-11-25 01:39:20.398', '2025-11-27 20:31:11.076', '2025-11-25 01:39:20.398', NULL);
INSERT INTO public.forms (id, "formType", "osNumber", status, data, "userId", "pdfUrl", "pdfGeneratedAt", "createdAt", "updatedAt", "submittedAt", "approvedAt") VALUES ('HMCl8K5HjO46xXrmgNyz', 'cronograma-diario-obra', '5', 'SUBMITTED', '{"pteDia": "nao", "ordemServico": "5", "emissaoRNCDia": "nao", "fotosEtapaDia": "nao", "etapaDescricao": "teste", "motivoAtrasoDia": "", "dataInicialEtapa": {"_seconds": 1750993200, "_nanoseconds": 0}, "situacaoEtapaDia": "em_dia", "equipeTrabalhoDia": "", "tempoTotalTrabalhoDia": "", "acompanhamentoDataAtual": {"_seconds": 1751057212, "_nanoseconds": 193000000}, "dataFinalProjetadaEtapa": {"_seconds": 1750993200, "_nanoseconds": 0}, "horarioEfetivoSaidaObra": "", "equipamentosUtilizadosDia": "", "horasRetrabalhoParadasDia": "", "motivoRetrabalhoParadaDia": "", "relatorioInspecaoEmitidoDia": "nao", "horarioInicioJornadaPrevisto": "07:30", "horarioTerminoJornadaPrevisto": "17:30", "horarioEfetivoInicioAtividades": "", "motivoNaoCumprimentoHorarioSaida": "", "motivoNaoCumprimentoHorarioInicio": ""}', '9c201a10-4b93-4228-90f3-f5cb67b4f130', NULL, NULL, '2025-06-27 20:49:06.149', '2025-11-27 20:31:11.293', '2025-06-27 20:49:06.149', NULL);
INSERT INTO public.forms (id, "formType", "osNumber", status, data, "userId", "pdfUrl", "pdfGeneratedAt", "createdAt", "updatedAt", "submittedAt", "approvedAt") VALUES ('Fe4okpz77tUFio7aJoPm', 'cronograma-diario-obra', '51615', 'SUBMITTED', '{"pteDia": "nao", "ordemServico": "51615", "emissaoRNCDia": "nao", "fotosEtapaDia": "nao", "etapaDescricao": "teste", "motivoAtrasoDia": "", "dataInicialEtapa": {"_seconds": 1750993200, "_nanoseconds": 0}, "situacaoEtapaDia": "em_dia", "equipeTrabalhoDia": "", "tempoTotalTrabalhoDia": "", "acompanhamentoDataAtual": {"_seconds": 1751055681, "_nanoseconds": 593000000}, "dataFinalProjetadaEtapa": {"_seconds": 1750993200, "_nanoseconds": 0}, "horarioEfetivoSaidaObra": "", "equipamentosUtilizadosDia": "", "horasRetrabalhoParadasDia": "", "motivoRetrabalhoParadaDia": "", "relatorioInspecaoEmitidoDia": "nao", "horarioInicioJornadaPrevisto": "07:30", "horarioTerminoJornadaPrevisto": "17:30", "horarioEfetivoInicioAtividades": "", "motivoNaoCumprimentoHorarioSaida": "", "motivoNaoCumprimentoHorarioInicio": ""}', '9c201a10-4b93-4228-90f3-f5cb67b4f130', NULL, NULL, '2025-06-27 20:21:38.615', '2025-11-27 20:31:11.961', '2025-06-27 20:21:38.615', NULL);
INSERT INTO public.forms (id, "formType", "osNumber", status, data, "userId", "pdfUrl", "pdfGeneratedAt", "createdAt", "updatedAt", "submittedAt", "approvedAt") VALUES ('LKNjPT2NAG6GC2RnHCk4', 'cronograma-diario-obra', '54343', 'SUBMITTED', '{"pteDia": "nao", "ordemServico": "54343", "emissaoRNCDia": "nao", "fotosEtapaDia": "nao", "etapaDescricao": "gzsgsefge\\", "motivoAtrasoDia": "", "dataInicialEtapa": {"_seconds": 1750993200, "_nanoseconds": 0}, "situacaoEtapaDia": "em_dia", "equipeTrabalhoDia": "", "tempoTotalTrabalhoDia": "", "acompanhamentoDataAtual": {"_seconds": 1751052046, "_nanoseconds": 568000000}, "dataFinalProjetadaEtapa": {"_seconds": 1750993200, "_nanoseconds": 0}, "horarioEfetivoSaidaObra": "", "equipamentosUtilizadosDia": "", "horasRetrabalhoParadasDia": "", "motivoRetrabalhoParadaDia": "", "relatorioInspecaoEmitidoDia": "nao", "horarioInicioJornadaPrevisto": "07:30", "horarioTerminoJornadaPrevisto": "17:30", "horarioEfetivoInicioAtividades": "", "motivoNaoCumprimentoHorarioSaida": "", "motivoNaoCumprimentoHorarioInicio": ""}', '9c201a10-4b93-4228-90f3-f5cb67b4f130', NULL, NULL, '2025-06-27 19:21:01.695', '2025-11-27 20:31:12.196', '2025-06-27 19:21:01.695', NULL);
INSERT INTO public.forms (id, "formType", "osNumber", status, data, "userId", "pdfUrl", "pdfGeneratedAt", "createdAt", "updatedAt", "submittedAt", "approvedAt") VALUES ('cZ4DOfW7DzXTLoYTDJKw', 'cronograma-diario-obra', '5435', 'SUBMITTED', '{"pteDia": "nao", "ordemServico": "5435", "emissaoRNCDia": "nao", "fotosEtapaDia": "nao", "etapaDescricao": "teste", "motivoAtrasoDia": "", "dataInicialEtapa": {"_seconds": 1750993200, "_nanoseconds": 0}, "situacaoEtapaDia": "em_dia", "equipeTrabalhoDia": "", "tempoTotalTrabalhoDia": "", "acompanhamentoDataAtual": {"_seconds": 1751058395, "_nanoseconds": 67000000}, "dataFinalProjetadaEtapa": {"_seconds": 1750993200, "_nanoseconds": 0}, "horarioEfetivoSaidaObra": "", "equipamentosUtilizadosDia": "", "horasRetrabalhoParadasDia": "", "motivoRetrabalhoParadaDia": "", "relatorioInspecaoEmitidoDia": "nao", "horarioInicioJornadaPrevisto": "07:30", "horarioTerminoJornadaPrevisto": "17:30", "horarioEfetivoInicioAtividades": "", "motivoNaoCumprimentoHorarioSaida": "", "motivoNaoCumprimentoHorarioInicio": ""}', '9c201a10-4b93-4228-90f3-f5cb67b4f130', NULL, NULL, '2025-06-27 21:06:47.382', '2025-11-27 20:31:12.877', '2025-06-27 21:06:47.382', NULL);
INSERT INTO public.forms (id, "formType", "osNumber", status, data, "userId", "pdfUrl", "pdfGeneratedAt", "createdAt", "updatedAt", "submittedAt", "approvedAt") VALUES ('2mtF3OPemPzu7GOky1XI', 'cronograma-diario-obra', '5486', 'SUBMITTED', '{"pteDia": "nao", "ordemServico": "5486", "emissaoRNCDia": "nao", "fotosEtapaDia": "nao", "etapaDescricao": "teste pdf", "motivoAtrasoDia": "", "dataInicialEtapa": {"_seconds": 1750993200, "_nanoseconds": 0}, "situacaoEtapaDia": "em_dia", "equipeTrabalhoDia": "", "tempoTotalTrabalhoDia": "", "acompanhamentoDataAtual": {"_seconds": 1751060131, "_nanoseconds": 967000000}, "dataFinalProjetadaEtapa": {"_seconds": 1750993200, "_nanoseconds": 0}, "horarioEfetivoSaidaObra": "", "equipamentosUtilizadosDia": "", "horasRetrabalhoParadasDia": "", "motivoRetrabalhoParadaDia": "", "relatorioInspecaoEmitidoDia": "nao", "horarioInicioJornadaPrevisto": "07:30", "horarioTerminoJornadaPrevisto": "17:30", "horarioEfetivoInicioAtividades": "", "motivoNaoCumprimentoHorarioSaida": "", "motivoNaoCumprimentoHorarioInicio": ""}', '9c201a10-4b93-4228-90f3-f5cb67b4f130', NULL, NULL, '2025-06-27 21:35:45.771', '2025-11-27 20:31:13.111', '2025-06-27 21:35:45.771', NULL);
INSERT INTO public.forms (id, "formType", "osNumber", status, data, "userId", "pdfUrl", "pdfGeneratedAt", "createdAt", "updatedAt", "submittedAt", "approvedAt") VALUES ('ad5a2433-c141-4263-ae7c-8877217fe15b', 'rnc-report', '555', 'SUBMITTED', '{"dataRnc": {"seconds": 1764121374, "nanoseconds": 672000000}, "statusRnc": "em_andamento", "ordemServico": "555", "localOcorrencia": "campo de obras", "prazoConclusaoAcoes": {"seconds": 1764039600, "nanoseconds": 0}, "fotosNaoConformidade": "sim", "causaRaizIdentificada": "", "acoesCorretivasPropostas": "teste", "descricaoNaoConformidade": "esqueceu capacete", "observacoesAdicionaisRnc": "", "responsavelImplementacao": "", "uploadFotosNaoConformidade": [{"url": "https://storage.googleapis.com/metalgalvano-88706.firebasestorage.app/reports/MXcwYzRgQ4M10K9NShoT9HwrvDA3/rnc-report/555/1764121836477/logo5.png", "name": "logo5.png", "size": 196782, "type": "image/png"}]}', 'f88b2f3a-93cf-4313-9ebd-8544520a486f', NULL, NULL, '2025-11-26 01:50:36.477', '2025-11-27 20:31:13.787', '2025-11-26 01:50:36.477', NULL);
INSERT INTO public.forms (id, "formType", "osNumber", status, data, "userId", "pdfUrl", "pdfGeneratedAt", "createdAt", "updatedAt", "submittedAt", "approvedAt") VALUES ('d3352f21-b6d2-4801-ae62-79df5a52f8f1', 'cronograma-diario-obra', '555', 'SUBMITTED', '{"pteDia": "nao", "ordemServico": "555", "emissaoRNCDia": "sim", "fotosEtapaDia": "nao", "etapaDescricao": "teste", "motivoAtrasoDia": "", "dataInicialEtapa": {"seconds": 1764039600, "nanoseconds": 0}, "situacaoEtapaDia": "em_dia", "equipeTrabalhoDia": "", "tempoTotalTrabalhoDia": "", "acompanhamentoDataAtual": {"seconds": 1764121374, "nanoseconds": 672000000}, "dataFinalProjetadaEtapa": {"seconds": 1764126000, "nanoseconds": 0}, "horarioEfetivoSaidaObra": "", "equipamentosUtilizadosDia": "", "horasRetrabalhoParadasDia": "", "motivoRetrabalhoParadaDia": "", "relatorioInspecaoEmitidoDia": "nao", "horarioInicioJornadaPrevisto": "07:30", "horarioTerminoJornadaPrevisto": "17:30", "horarioEfetivoInicioAtividades": "", "motivoNaoCumprimentoHorarioSaida": "", "motivoNaoCumprimentoHorarioInicio": ""}', 'f88b2f3a-93cf-4313-9ebd-8544520a486f', NULL, NULL, '2025-11-26 01:50:07.884', '2025-11-27 20:31:13.799', '2025-11-26 01:50:07.884', NULL);
INSERT INTO public.forms (id, "formType", "osNumber", status, data, "userId", "pdfUrl", "pdfGeneratedAt", "createdAt", "updatedAt", "submittedAt", "approvedAt") VALUES ('nyoJpRV3KD37uFfsmVO0', 'cronograma-diario-obra', '56876', 'SUBMITTED', '{"pteDia": "nao", "ordemServico": "56876", "emissaoRNCDia": "nao", "fotosEtapaDia": "nao", "etapaDescricao": "teste", "motivoAtrasoDia": "", "dataInicialEtapa": {"_seconds": 1750993200, "_nanoseconds": 0}, "situacaoEtapaDia": "em_dia", "equipeTrabalhoDia": "", "tempoTotalTrabalhoDia": "", "acompanhamentoDataAtual": {"_seconds": 1751056968, "_nanoseconds": 814000000}, "dataFinalProjetadaEtapa": {"_seconds": 1750993200, "_nanoseconds": 0}, "horarioEfetivoSaidaObra": "", "equipamentosUtilizadosDia": "", "horasRetrabalhoParadasDia": "", "motivoRetrabalhoParadaDia": "", "relatorioInspecaoEmitidoDia": "nao", "horarioInicioJornadaPrevisto": "07:30", "horarioTerminoJornadaPrevisto": "17:30", "horarioEfetivoInicioAtividades": "", "motivoNaoCumprimentoHorarioSaida": "", "motivoNaoCumprimentoHorarioInicio": ""}', '9c201a10-4b93-4228-90f3-f5cb67b4f130', NULL, NULL, '2025-06-27 20:43:03.139', '2025-11-27 20:31:14.016', '2025-06-27 20:43:03.139', NULL);
INSERT INTO public.forms (id, "formType", "osNumber", status, data, "userId", "pdfUrl", "pdfGeneratedAt", "createdAt", "updatedAt", "submittedAt", "approvedAt") VALUES ('9MKThZdRmdJPzgNpBxvM', 'cronograma-diario-obra', '58476876', 'SUBMITTED', '{"pteDia": "nao", "ordemServico": "58476876", "emissaoRNCDia": "nao", "fotosEtapaDia": "nao", "etapaDescricao": "rteste", "motivoAtrasoDia": "", "dataInicialEtapa": {"_seconds": 1750993200, "_nanoseconds": 0}, "situacaoEtapaDia": "em_dia", "equipeTrabalhoDia": "", "tempoTotalTrabalhoDia": "", "acompanhamentoDataAtual": {"_seconds": 1751057353, "_nanoseconds": 228000000}, "dataFinalProjetadaEtapa": {"_seconds": 1750993200, "_nanoseconds": 0}, "horarioEfetivoSaidaObra": "", "equipamentosUtilizadosDia": "", "horasRetrabalhoParadasDia": "", "motivoRetrabalhoParadaDia": "", "relatorioInspecaoEmitidoDia": "nao", "horarioInicioJornadaPrevisto": "07:30", "horarioTerminoJornadaPrevisto": "17:30", "horarioEfetivoInicioAtividades": "", "motivoNaoCumprimentoHorarioSaida": "", "motivoNaoCumprimentoHorarioInicio": ""}', '9c201a10-4b93-4228-90f3-f5cb67b4f130', NULL, NULL, '2025-06-27 20:49:25.323', '2025-11-27 20:31:14.699', '2025-06-27 20:49:25.323', NULL);
INSERT INTO public.forms (id, "formType", "osNumber", status, data, "userId", "pdfUrl", "pdfGeneratedAt", "createdAt", "updatedAt", "submittedAt", "approvedAt") VALUES ('KQ4x3m8bOcG5QRAl8t9q', 'cronograma-diario-obra', '62515616', 'SUBMITTED', '{"pteDia": "nao", "ordemServico": "62515616", "emissaoRNCDia": "nao", "fotosEtapaDia": "nao", "etapaDescricao": "teste", "motivoAtrasoDia": "", "dataInicialEtapa": {"_seconds": 1750993200, "_nanoseconds": 0}, "situacaoEtapaDia": "em_dia", "equipeTrabalhoDia": "", "tempoTotalTrabalhoDia": "", "acompanhamentoDataAtual": {"_seconds": 1751057138, "_nanoseconds": 474000000}, "dataFinalProjetadaEtapa": {"_seconds": 1750993200, "_nanoseconds": 0}, "horarioEfetivoSaidaObra": "", "equipamentosUtilizadosDia": "", "horasRetrabalhoParadasDia": "", "motivoRetrabalhoParadaDia": "", "relatorioInspecaoEmitidoDia": "nao", "horarioInicioJornadaPrevisto": "07:30", "horarioTerminoJornadaPrevisto": "17:30", "horarioEfetivoInicioAtividades": "", "motivoNaoCumprimentoHorarioSaida": "", "motivoNaoCumprimentoHorarioInicio": ""}', '9c201a10-4b93-4228-90f3-f5cb67b4f130', NULL, NULL, '2025-06-27 20:45:50.78', '2025-11-27 20:31:14.914', '2025-06-27 20:45:50.78', NULL);
INSERT INTO public.forms (id, "formType", "osNumber", status, data, "userId", "pdfUrl", "pdfGeneratedAt", "createdAt", "updatedAt", "submittedAt", "approvedAt") VALUES ('QBrjM29MSKySjYHV0Zav', 'cronograma-diario-obra', '645496', 'SUBMITTED', '{"pteDia": "nao", "ordemServico": "645496", "emissaoRNCDia": "nao", "fotosEtapaDia": "nao", "etapaDescricao": "teste pdf", "motivoAtrasoDia": "", "dataInicialEtapa": {"_seconds": 1750993200, "_nanoseconds": 0}, "situacaoEtapaDia": "em_dia", "equipeTrabalhoDia": "", "tempoTotalTrabalhoDia": "", "acompanhamentoDataAtual": {"_seconds": 1751056260, "_nanoseconds": 411000000}, "dataFinalProjetadaEtapa": {"_seconds": 1750993200, "_nanoseconds": 0}, "horarioEfetivoSaidaObra": "", "equipamentosUtilizadosDia": "", "horasRetrabalhoParadasDia": "", "motivoRetrabalhoParadaDia": "", "relatorioInspecaoEmitidoDia": "nao", "horarioInicioJornadaPrevisto": "07:30", "horarioTerminoJornadaPrevisto": "17:30", "horarioEfetivoInicioAtividades": "", "motivoNaoCumprimentoHorarioSaida": "", "motivoNaoCumprimentoHorarioInicio": ""}', '9c201a10-4b93-4228-90f3-f5cb67b4f130', NULL, NULL, '2025-06-27 20:32:09.633', '2025-11-27 20:31:15.587', '2025-06-27 20:32:09.633', NULL);
INSERT INTO public.forms (id, "formType", "osNumber", status, data, "userId", "pdfUrl", "pdfGeneratedAt", "createdAt", "updatedAt", "submittedAt", "approvedAt") VALUES ('xuCiqBaM4lay6DARmu6c', 'cronograma-diario-obra', '65161', 'SUBMITTED', '{"pteDia": "nao", "ordemServico": "65161", "emissaoRNCDia": "nao", "fotosEtapaDia": "nao", "etapaDescricao": "teste pdf", "motivoAtrasoDia": "", "dataInicialEtapa": {"_seconds": 1750993200, "_nanoseconds": 0}, "situacaoEtapaDia": "em_dia", "equipeTrabalhoDia": "", "tempoTotalTrabalhoDia": "", "acompanhamentoDataAtual": {"_seconds": 1751056357, "_nanoseconds": 85000000}, "dataFinalProjetadaEtapa": {"_seconds": 1750993200, "_nanoseconds": 0}, "horarioEfetivoSaidaObra": "", "equipamentosUtilizadosDia": "", "horasRetrabalhoParadasDia": "", "motivoRetrabalhoParadaDia": "", "relatorioInspecaoEmitidoDia": "nao", "horarioInicioJornadaPrevisto": "07:30", "horarioTerminoJornadaPrevisto": "17:30", "horarioEfetivoInicioAtividades": "", "motivoNaoCumprimentoHorarioSaida": "", "motivoNaoCumprimentoHorarioInicio": ""}', '9c201a10-4b93-4228-90f3-f5cb67b4f130', NULL, NULL, '2025-06-27 20:32:50.759', '2025-11-27 20:31:15.811', '2025-06-27 20:32:50.759', NULL);
INSERT INTO public.forms (id, "formType", "osNumber", status, data, "userId", "pdfUrl", "pdfGeneratedAt", "createdAt", "updatedAt", "submittedAt", "approvedAt") VALUES ('3IfY1onJNxkacUyt3ujt', 'cronograma-diario-obra', '656556', 'SUBMITTED', '{"pteDia": "nao", "ordemServico": "656556", "emissaoRNCDia": "nao", "fotosEtapaDia": "nao", "etapaDescricao": "teste pdf", "motivoAtrasoDia": "", "dataInicialEtapa": {"_seconds": 1750993200, "_nanoseconds": 0}, "situacaoEtapaDia": "em_dia", "equipeTrabalhoDia": "", "tempoTotalTrabalhoDia": "", "acompanhamentoDataAtual": {"_seconds": 1751060218, "_nanoseconds": 89000000}, "dataFinalProjetadaEtapa": {"_seconds": 1750993200, "_nanoseconds": 0}, "horarioEfetivoSaidaObra": "", "equipamentosUtilizadosDia": "", "horasRetrabalhoParadasDia": "", "motivoRetrabalhoParadaDia": "", "relatorioInspecaoEmitidoDia": "nao", "horarioInicioJornadaPrevisto": "07:30", "horarioTerminoJornadaPrevisto": "17:30", "horarioEfetivoInicioAtividades": "", "motivoNaoCumprimentoHorarioSaida": "", "motivoNaoCumprimentoHorarioInicio": ""}', '9c201a10-4b93-4228-90f3-f5cb67b4f130', NULL, NULL, '2025-06-27 21:37:16.984', '2025-11-27 20:31:16.488', '2025-06-27 21:37:16.984', NULL);
INSERT INTO public.forms (id, "formType", "osNumber", status, data, "userId", "pdfUrl", "pdfGeneratedAt", "createdAt", "updatedAt", "submittedAt", "approvedAt") VALUES ('0aab05ed-268a-44da-8e1b-f0aeb0d52954', 'cronograma-diario-obra', '777', 'SUBMITTED', '{"pteDia": "nao", "ordemServico": "777", "emissaoRNCDia": "sim", "fotosEtapaDia": "nao", "etapaDescricao": "teste", "motivoAtrasoDia": "", "dataInicialEtapa": {"seconds": 1764039600, "nanoseconds": 0}, "situacaoEtapaDia": "em_dia", "equipeTrabalhoDia": "", "tempoTotalTrabalhoDia": "", "acompanhamentoDataAtual": {"seconds": 1764121374, "nanoseconds": 672000000}, "dataFinalProjetadaEtapa": {"seconds": 1764126000, "nanoseconds": 0}, "horarioEfetivoSaidaObra": "", "equipamentosUtilizadosDia": "", "horasRetrabalhoParadasDia": "", "motivoRetrabalhoParadaDia": "", "relatorioInspecaoEmitidoDia": "nao", "horarioInicioJornadaPrevisto": "07:30", "horarioTerminoJornadaPrevisto": "17:30", "horarioEfetivoInicioAtividades": "", "motivoNaoCumprimentoHorarioSaida": "", "motivoNaoCumprimentoHorarioInicio": ""}', 'f88b2f3a-93cf-4313-9ebd-8544520a486f', NULL, NULL, '2025-11-26 01:45:42.159', '2025-11-27 20:31:16.688', '2025-11-26 01:45:42.159', NULL);
INSERT INTO public.forms (id, "formType", "osNumber", status, data, "userId", "pdfUrl", "pdfGeneratedAt", "createdAt", "updatedAt", "submittedAt", "approvedAt") VALUES ('6a89b2e6-753c-4ec5-963b-3284da2c6d03', 'rnc-report', '777', 'SUBMITTED', '{"dataRnc": {"seconds": 1764121374, "nanoseconds": 672000000}, "statusRnc": "em_andamento", "ordemServico": "777", "localOcorrencia": "campo de obras", "prazoConclusaoAcoes": {"seconds": 1764126000, "nanoseconds": 0}, "fotosNaoConformidade": "sim", "causaRaizIdentificada": "", "acoesCorretivasPropostas": "teste", "descricaoNaoConformidade": "esqueceram capacete", "observacoesAdicionaisRnc": "", "responsavelImplementacao": "", "uploadFotosNaoConformidade": [{"url": "https://storage.googleapis.com/metalgalvano-88706.firebasestorage.app/reports/MXcwYzRgQ4M10K9NShoT9HwrvDA3/rnc-report/777/1764121578175/logo5.jpg", "name": "logo5.jpg", "size": 382389, "type": "image/jpeg"}]}', 'f88b2f3a-93cf-4313-9ebd-8544520a486f', NULL, NULL, '2025-11-26 01:46:18.175', '2025-11-27 20:31:16.696', '2025-11-26 01:46:18.175', NULL);
INSERT INTO public.forms (id, "formType", "osNumber", status, data, "userId", "pdfUrl", "pdfGeneratedAt", "createdAt", "updatedAt", "submittedAt", "approvedAt") VALUES ('p1SCIocFkFWZbLwmvq9s', 'cronograma-diario-obra', '8676687', 'SUBMITTED', '{"pteDia": "nao", "ordemServico": "8676687", "emissaoRNCDia": "nao", "fotosEtapaDia": "nao", "etapaDescricao": "teste", "motivoAtrasoDia": "", "dataInicialEtapa": {"_seconds": 1750993200, "_nanoseconds": 0}, "situacaoEtapaDia": "em_dia", "equipeTrabalhoDia": "", "tempoTotalTrabalhoDia": "", "acompanhamentoDataAtual": {"_seconds": 1751055962, "_nanoseconds": 188000000}, "dataFinalProjetadaEtapa": {"_seconds": 1750993200, "_nanoseconds": 0}, "horarioEfetivoSaidaObra": "", "equipamentosUtilizadosDia": "", "horasRetrabalhoParadasDia": "", "motivoRetrabalhoParadaDia": "", "relatorioInspecaoEmitidoDia": "nao", "horarioInicioJornadaPrevisto": "07:30", "horarioTerminoJornadaPrevisto": "17:30", "horarioEfetivoInicioAtividades": "", "motivoNaoCumprimentoHorarioSaida": "", "motivoNaoCumprimentoHorarioInicio": ""}', '9c201a10-4b93-4228-90f3-f5cb67b4f130', NULL, NULL, '2025-06-27 20:26:20.61', '2025-11-27 20:31:17.387', '2025-06-27 20:26:20.61', NULL);
INSERT INTO public.forms (id, "formType", "osNumber", status, data, "userId", "pdfUrl", "pdfGeneratedAt", "createdAt", "updatedAt", "submittedAt", "approvedAt") VALUES ('eplDwgqoYljoKhtThRoN', 'cronograma-diario-obra', '9198516', 'SUBMITTED', '{"pteDia": "nao", "ordemServico": "9198516", "emissaoRNCDia": "nao", "fotosEtapaDia": "nao", "etapaDescricao": "teste", "motivoAtrasoDia": "", "dataInicialEtapa": {"_seconds": 1750993200, "_nanoseconds": 0}, "situacaoEtapaDia": "em_dia", "equipeTrabalhoDia": "", "tempoTotalTrabalhoDia": "", "acompanhamentoDataAtual": {"_seconds": 1751059088, "_nanoseconds": 614000000}, "dataFinalProjetadaEtapa": {"_seconds": 1750993200, "_nanoseconds": 0}, "horarioEfetivoSaidaObra": "", "equipamentosUtilizadosDia": "", "horasRetrabalhoParadasDia": "", "motivoRetrabalhoParadaDia": "", "relatorioInspecaoEmitidoDia": "nao", "horarioInicioJornadaPrevisto": "07:30", "horarioTerminoJornadaPrevisto": "17:30", "horarioEfetivoInicioAtividades": "", "motivoNaoCumprimentoHorarioSaida": "", "motivoNaoCumprimentoHorarioInicio": ""}', '9c201a10-4b93-4228-90f3-f5cb67b4f130', NULL, NULL, '2025-06-27 21:18:21.729', '2025-11-27 20:31:17.669', '2025-06-27 21:18:21.729', NULL);
INSERT INTO public.forms (id, "formType", "osNumber", status, data, "userId", "pdfUrl", "pdfGeneratedAt", "createdAt", "updatedAt", "submittedAt", "approvedAt") VALUES ('919MHaScAWMv6EUUtOKs', 'cronograma-diario-obra', '954984191', 'SUBMITTED', '{"pteDia": "nao", "ordemServico": "954984191", "emissaoRNCDia": "nao", "fotosEtapaDia": "nao", "etapaDescricao": "fdaafwafwaf", "motivoAtrasoDia": "", "dataInicialEtapa": {"_seconds": 1750993200, "_nanoseconds": 0}, "situacaoEtapaDia": "em_dia", "equipeTrabalhoDia": "", "tempoTotalTrabalhoDia": "", "acompanhamentoDataAtual": {"_seconds": 1751050504, "_nanoseconds": 839000000}, "dataFinalProjetadaEtapa": {"_seconds": 1750993200, "_nanoseconds": 0}, "horarioEfetivoSaidaObra": "", "equipamentosUtilizadosDia": "", "horasRetrabalhoParadasDia": "", "motivoRetrabalhoParadaDia": "", "relatorioInspecaoEmitidoDia": "nao", "horarioInicioJornadaPrevisto": "07:30", "horarioTerminoJornadaPrevisto": "17:30", "horarioEfetivoInicioAtividades": "", "motivoNaoCumprimentoHorarioSaida": "", "motivoNaoCumprimentoHorarioInicio": ""}', '9c201a10-4b93-4228-90f3-f5cb67b4f130', NULL, NULL, '2025-06-27 18:55:14.991', '2025-11-27 20:31:18.289', '2025-06-27 18:55:14.991', NULL);
INSERT INTO public.forms (id, "formType", "osNumber", status, data, "userId", "pdfUrl", "pdfGeneratedAt", "createdAt", "updatedAt", "submittedAt", "approvedAt") VALUES ('zJgR9o56VnK2y1pp3fFZ', 'cronograma-diario-obra', 'afwfawfw', 'SUBMITTED', '{"pteDia": "nao", "ordemServico": "afwfawfw", "emissaoRNCDia": "nao", "fotosEtapaDia": "nao", "etapaDescricao": "dafdaawd", "motivoAtrasoDia": "", "dataInicialEtapa": {"_seconds": 1750993200, "_nanoseconds": 0}, "situacaoEtapaDia": "em_dia", "equipeTrabalhoDia": "", "tempoTotalTrabalhoDia": "", "acompanhamentoDataAtual": {"_seconds": 1751049677, "_nanoseconds": 203000000}, "dataFinalProjetadaEtapa": {"_seconds": 1750993200, "_nanoseconds": 0}, "horarioEfetivoSaidaObra": "", "equipamentosUtilizadosDia": "", "horasRetrabalhoParadasDia": "", "motivoRetrabalhoParadaDia": "", "relatorioInspecaoEmitidoDia": "nao", "horarioInicioJornadaPrevisto": "07:30", "horarioTerminoJornadaPrevisto": "17:30", "horarioEfetivoInicioAtividades": "", "motivoNaoCumprimentoHorarioSaida": "", "motivoNaoCumprimentoHorarioInicio": ""}', '9c201a10-4b93-4228-90f3-f5cb67b4f130', NULL, NULL, '2025-06-27 18:47:25.258', '2025-11-27 20:31:19.18', '2025-06-27 18:47:25.258', NULL);
INSERT INTO public.forms (id, "formType", "osNumber", status, data, "userId", "pdfUrl", "pdfGeneratedAt", "createdAt", "updatedAt", "submittedAt", "approvedAt") VALUES ('t2mSxNBjBdHPODQ0wcGa', 'cronograma-diario-obra', 'dfafafaw', 'SUBMITTED', '{"pteDia": "nao", "ordemServico": "dfafafaw", "emissaoRNCDia": "nao", "fotosEtapaDia": "nao", "etapaDescricao": "fafafwa", "motivoAtrasoDia": "", "dataInicialEtapa": {"_seconds": 1750993200, "_nanoseconds": 0}, "situacaoEtapaDia": "em_dia", "equipeTrabalhoDia": "", "tempoTotalTrabalhoDia": "", "acompanhamentoDataAtual": {"_seconds": 1751049677, "_nanoseconds": 203000000}, "dataFinalProjetadaEtapa": {"_seconds": 1750993200, "_nanoseconds": 0}, "horarioEfetivoSaidaObra": "", "equipamentosUtilizadosDia": "", "horasRetrabalhoParadasDia": "", "motivoRetrabalhoParadaDia": "", "relatorioInspecaoEmitidoDia": "nao", "horarioInicioJornadaPrevisto": "07:30", "horarioTerminoJornadaPrevisto": "17:30", "horarioEfetivoInicioAtividades": "", "motivoNaoCumprimentoHorarioSaida": "", "motivoNaoCumprimentoHorarioInicio": ""}', '9c201a10-4b93-4228-90f3-f5cb67b4f130', NULL, NULL, '2025-06-27 18:44:08.037', '2025-11-27 20:31:19.475', '2025-06-27 18:44:08.037', NULL);
INSERT INTO public.forms (id, "formType", "osNumber", status, data, "userId", "pdfUrl", "pdfGeneratedAt", "createdAt", "updatedAt", "submittedAt", "approvedAt") VALUES ('ci9pVZuo4WQ16WY8QrVF', 'cronograma-diario-obra', 'feafafw', 'SUBMITTED', '{"pteDia": "nao", "ordemServico": "feafafw", "emissaoRNCDia": "nao", "fotosEtapaDia": "nao", "etapaDescricao": "efafwfwa", "motivoAtrasoDia": "", "dataInicialEtapa": {"_seconds": 1750993200, "_nanoseconds": 0}, "situacaoEtapaDia": "em_dia", "equipeTrabalhoDia": "", "tempoTotalTrabalhoDia": "", "acompanhamentoDataAtual": {"_seconds": 1751049677, "_nanoseconds": 203000000}, "dataFinalProjetadaEtapa": {"_seconds": 1750993200, "_nanoseconds": 0}, "horarioEfetivoSaidaObra": "", "equipamentosUtilizadosDia": "", "horasRetrabalhoParadasDia": "", "motivoRetrabalhoParadaDia": "", "relatorioInspecaoEmitidoDia": "nao", "horarioInicioJornadaPrevisto": "07:30", "horarioTerminoJornadaPrevisto": "17:30", "horarioEfetivoInicioAtividades": "", "motivoNaoCumprimentoHorarioSaida": "", "motivoNaoCumprimentoHorarioInicio": ""}', '9c201a10-4b93-4228-90f3-f5cb67b4f130', NULL, NULL, '2025-06-27 18:52:00.651', '2025-11-27 20:31:20.067', '2025-06-27 18:52:00.651', NULL);


--
-- Data for Name: linked_reports; Type: TABLE DATA; Schema: public; Owner: metalgalvano
--



--
-- Data for Name: photos; Type: TABLE DATA; Schema: public; Owner: metalgalvano
--

INSERT INTO public.photos (id, "formId", "firebaseUrl", "firebasePath", filename, "originalName", "mimeType", size, description, "fieldId", "uploadedAt") VALUES ('725ae105-1f78-458c-b580-3086ae95c30c', 'I8raEUjJI6pDYLNMYy3m', 'https://firebasestorage.googleapis.com/v0/b/metalgalvano-88706.firebasestorage.app/o/reports%2FMXcwYzRgQ4M10K9NShoT9HwrvDA3%2Fcronograma-diario-obra%2F123%2F1747529625670%2Ffoco.png?alt=media&token=236dd125-22f3-494b-bfff-7078831dff2d', 'reports/MXcwYzRgQ4M10K9NShoT9HwrvDA3/cronograma-diario-obra/123/1747529625670/foco.png', 'foco.png', 'foco.png', 'image/png', 35351, NULL, NULL, '2025-11-27 20:31:04.581');
INSERT INTO public.photos (id, "formId", "firebaseUrl", "firebasePath", filename, "originalName", "mimeType", size, description, "fieldId", "uploadedAt") VALUES ('6e48b09b-5109-4a3e-a61c-9c0e2a1b45d3', 'LKOFdVU8olc751OIDAjy', 'https://firebasestorage.googleapis.com/v0/b/metalgalvano-88706.firebasestorage.app/o/reports%2FMXcwYzRgQ4M10K9NShoT9HwrvDA3%2Fcronograma-diario-obra%2F123%2F1747527266467%2FScreenshot_1.png?alt=media&token=31685cbe-5d83-4916-9da8-82ec94de3b4d', 'reports/MXcwYzRgQ4M10K9NShoT9HwrvDA3/cronograma-diario-obra/123/1747527266467/Screenshot_1.png', 'Screenshot_1.png', 'Screenshot_1.png', 'image/png', 3579780, NULL, NULL, '2025-11-27 20:31:04.604');
INSERT INTO public.photos (id, "formId", "firebaseUrl", "firebasePath", filename, "originalName", "mimeType", size, description, "fieldId", "uploadedAt") VALUES ('dd9e072b-f73a-4d65-85d4-e09b08b06486', 'bcBSyD6rQpyNsw2ljIXb', 'https://firebasestorage.googleapis.com/v0/b/metalgalvano-88706.firebasestorage.app/o/reports%2FMXcwYzRgQ4M10K9NShoT9HwrvDA3%2Frnc-report%2F123%2F1747529661234%2FFluxograma2.jpg?alt=media&token=df2e3402-41d8-4de6-838c-d9b024d0a5d2', 'reports/MXcwYzRgQ4M10K9NShoT9HwrvDA3/rnc-report/123/1747529661234/Fluxograma2.jpg', 'Fluxograma2.jpg', 'Fluxograma2.jpg', 'image/jpeg', 175993, NULL, NULL, '2025-11-27 20:31:04.632');
INSERT INTO public.photos (id, "formId", "firebaseUrl", "firebasePath", filename, "originalName", "mimeType", size, description, "fieldId", "uploadedAt") VALUES ('e9b779b2-0004-483a-9cd8-d5671830a512', '9KS4SFWaTlSY6iAaSNwX', 'https://firebasestorage.googleapis.com/v0/b/metalgalvano-88706.firebasestorage.app/o/reports%2FMXcwYzRgQ4M10K9NShoT9HwrvDA3%2Fcronograma-diario-obra%2F1304%2F1750164543056%2FWhatsApp%20Image%202025-06-16%20at%2016.18.32.jpeg?alt=media&token=3eb31f2a-780b-4ea4-9fcc-6ce2d986d3c2', 'reports/MXcwYzRgQ4M10K9NShoT9HwrvDA3/cronograma-diario-obra/1304/1750164543056/WhatsApp Image 2025-06-16 at 16.18.32.jpeg', 'WhatsApp Image 2025-06-16 at 16.18.32.jpeg', 'WhatsApp Image 2025-06-16 at 16.18.32.jpeg', 'image/jpeg', 158714, NULL, NULL, '2025-11-27 20:31:06.483');
INSERT INTO public.photos (id, "formId", "firebaseUrl", "firebasePath", filename, "originalName", "mimeType", size, description, "fieldId", "uploadedAt") VALUES ('56da3be1-4a69-4de9-ac16-10acdb3c201c', 'cd3e8df3-e6f5-4c83-9dd9-437e9ef4d041', 'https://storage.googleapis.com/metalgalvano-88706.firebasestorage.app/reports/MXcwYzRgQ4M10K9NShoT9HwrvDA3/rnc-report/444/1764034760398/logo4.jpg', 'https://storage.googleapis.com/metalgalvano-88706.firebasestorage.app/reports/MXcwYzRgQ4M10K9NShoT9HwrvDA3/rnc-report/444/1764034760398/logo4.jpg', 'logo4.jpg', 'logo4.jpg', 'image/jpeg', 38116, NULL, NULL, '2025-11-27 20:31:11.082');
INSERT INTO public.photos (id, "formId", "firebaseUrl", "firebasePath", filename, "originalName", "mimeType", size, description, "fieldId", "uploadedAt") VALUES ('844bd7f5-a139-4475-a31e-65d9c07f4342', 'ad5a2433-c141-4263-ae7c-8877217fe15b', 'https://storage.googleapis.com/metalgalvano-88706.firebasestorage.app/reports/MXcwYzRgQ4M10K9NShoT9HwrvDA3/rnc-report/555/1764121836477/logo5.png', 'https://storage.googleapis.com/metalgalvano-88706.firebasestorage.app/reports/MXcwYzRgQ4M10K9NShoT9HwrvDA3/rnc-report/555/1764121836477/logo5.png', 'logo5.png', 'logo5.png', 'image/png', 196782, NULL, NULL, '2025-11-27 20:31:13.793');
INSERT INTO public.photos (id, "formId", "firebaseUrl", "firebasePath", filename, "originalName", "mimeType", size, description, "fieldId", "uploadedAt") VALUES ('c0ca7f40-c3f9-4b28-a02a-c19bbf54ffda', '6a89b2e6-753c-4ec5-963b-3284da2c6d03', 'https://storage.googleapis.com/metalgalvano-88706.firebasestorage.app/reports/MXcwYzRgQ4M10K9NShoT9HwrvDA3/rnc-report/777/1764121578175/logo5.jpg', 'https://storage.googleapis.com/metalgalvano-88706.firebasestorage.app/reports/MXcwYzRgQ4M10K9NShoT9HwrvDA3/rnc-report/777/1764121578175/logo5.jpg', 'logo5.jpg', 'logo5.jpg', 'image/jpeg', 382389, NULL, NULL, '2025-11-27 20:31:16.699');


--
-- Data for Name: system_config; Type: TABLE DATA; Schema: public; Owner: metalgalvano
--

INSERT INTO public.system_config (id, key, value, description, "updatedAt") VALUES ('d3cfb22f-e1bd-4677-a646-d9a21d85c23a', 'max_photo_size_mb', '10', 'Tamanho máximo de foto em MB', '2025-11-27 20:29:17.558');
INSERT INTO public.system_config (id, key, value, description, "updatedAt") VALUES ('1e8958bb-2c08-4c54-bab6-69fada5c30ef', 'pdf_generation_enabled', 'true', 'Habilitar geração de PDF', '2025-11-27 20:29:17.567');
INSERT INTO public.system_config (id, key, value, description, "updatedAt") VALUES ('c55455b8-d97c-4ca7-bdac-e5da1526ba4b', 'allowed_photo_types', '["image/jpeg", "image/png", "image/webp"]', 'Tipos de arquivo permitidos para fotos', '2025-11-27 20:29:17.574');


--
-- PostgreSQL database dump complete
--

\unrestrict 6AxhUngMp0E5etNq7JIMxmDb28w3ANIgkSmkrCUiGPffcWjv2Lq2M0Ge3fEycM4

